INSERT INTO travel_db.airports (iata_code, name, country)
    VALUES ('GRU', 'Aeroporto de Guarulhos', 'Brazil'),
			('FRA', 'Frankfurt am Main Airport', 'Germany'),
			('GIG', 'Rio de Janeiro/Galeão international Airport', 'Brazil'),
            ('POA', 'Salgado Filho international Airport', 'Brazil'),
            ('YUR', 'Vancouver International Airport', 'Canada'),
            ('YUL', 'Montréal-Trundeau International Airport', 'Canada'),
            ('YYZ', 'Toronto Pearson International Airport', 'Canada'),
		    ('LAX', 'Los Angeles International Airport', 'EUA'),
            ('CDG', 'Charles de Gaulle Airport', 'France'),
            ('ORY', 'Paris Only Airport', 'France'),
            ('LYS', 'Lyon-Saint-Exupéry Airport', 'France'),
            ('NRT', 'Narita International Airport', 'Japan'),
            ('HND', 'Haneda Airport', 'Japan'),
            ('KIX', 'Kansai International Airport', 'Japan'),
            ('JNB', 'O. R. Tambo International Airport', 'South Africa'),
            ('CPT', 'Cape Twon Interinational Airport', 'South Africa'),
            ('DUR', 'King Shaka Inernational Airport', 'South Africa'),
            ('SYD', 'Sydney Kingsford Smith Airport', 'Australia'),
            ('MEL', 'Melbourne Airport', 'Australia'),
            ('BNE', 'Brisbane Airport', 'Australia'),
            ('DXB', 'Dubai International Airport', 'United Arab Emirates'),
            ('AUH', 'Abu Dhabi international Airport', 'United Arab Emirates'),
            ('SHJ', 'Sharjah International Airport', 'United Arab Emirates');
            
INSERT INTO travel_db.customers (name, email)
    VALUES ('Liam Thompson', 'liam.t@example.ca'),
		   ('Olivia Martin', 'olivia.m@example.ca'),
           ('Lucas Silva', 'lucas.s@example.br'),
           ('Fernanda Costa', 'fernanda.c@example.br'),
           ('Mateus Oliveira', 'mateus.o.example.br'),
           ('Élodie Laurent', 'elodie.l@example.fr'),
           ('Antoine Dubois', 'antoine.d@example.fr'),
           ('Haruto Tanaka', 'haruto.t@example.jp'),
           ('Yui Sato', 'yui.s@example.jp'),
           ('Thabo Nkosi', 'thabo.n@example.za'),
           ('Ayanda Dlamini', 'ayanda.d@example.za'),
           ('Jack Wilson', 'jack.w@example.au'),
           ('Chloe Harris', 'chloe.h@example.au'),
           ('Ahmed Al Mansoori', 'ahmed.m@example.ae'),
           ('Fatima Al Nahyan', 'fatima.n@example.ae');

INSERT INTO travel_db.addresses (customer_id, line_one, city, country)
	VALUES (1, '123 Pine Avenue', 'Toronto', 'Canada'),
		   (2, '456 Snowflake Road', 'Montreal', 'Canada'),
		   (3, 'Rua das Palmeiras 321', 'São Paulo', 'Brazil'),
		   (4, 'Avenida Atlântica 987','Rio de Janeiro', 'Brazil'),
		   (5, 'Rua do Sol 555', 'Belo Horizonte', 'Brazil'),
		   (6, '27 Rue Lafayette', 'Paris', 'France'),
	 	   (7, '89 Boulevard de la Liberté', 'Marseille', 'France'),
		   (8, '2-17-3 Akihabara', 'Tokyo', 'Japan'),
		   (9, '5-4-6 Namba', 'Osaka', 'Japan'),
		   (10, '201 Nelson Mandela Drive', 'Johannesburg', 'South Africa'),
		   (11, '77 Table Mountain Street', 'Cape Town', 'South Africa'),
		   (12, '88 Oceanview Blvd', 'Sydney', 'Australia'),
		   (13, '39 Kangaroo Street', 'Melbourne', 'Australia'),
		   (14, '101 Sheikh Zayed Road', 'Dubai', 'United Arab Emirates'),
		   (15, '65 Marina Walk', 'Abu Dhabi', 'United Arab Emirates');
		
INSERT INTO `travel_db`.`flights` (dep_airport_iata_code, arr_airport_iata_code, dep_time, arr_time, price)
	VALUES ('GRU', 'LAX', '2030-10-01 14:00:00', '2030-10-02 03:00:00', 400.00),
		   ('LAX', 'NRT', '2030-10-05 09:00:00', '2030-10-06 13:30:00', 750.00),
		   ('CDG', 'DXB', '2030-11-01 22:00:00', '2030-11-02 06:00:00', 600.00),
		   ('JNB', 'SYD', '2030-09-15 07:00:00', '2030-09-16 18:30:00', 850.00),
		   ('FRA', 'YYZ', '2030-08-20 11:00:00', '2030-08-20 15:00:00', 500.00),
	 	   ('HND', 'GRU', '2030-12-10 10:00:00', '2030-12-11 20:30:00', 950.00),
	 	   ('SYD', 'CDG', '2030-07-01 21:00:00', '2030-07-02 12:45:00', 780.00),
		   ('DXB', 'JNB', '2030-06-05 02:30:00', '2030-06-05 10:45:00', 430.00),
		   ('NRT', 'FRA', '2030-05-20 14:00:00', '2030-05-21 07:30:00', 720.00),
		   ('YYZ', 'HND', '2030-04-10 08:00:00', '2030-04-11 14:15:00', 880.00);
    
INSERT INTO `travel_db`.`tickets` (customer_id, flight_id, seat, purchase_date)
	VALUES (1, 1, 12, '2030-01-01 10:00:00'),
		   (2, 2, 7,  '2030-02-01 14:30:00'),
		   (3, 6, 15, '2030-02-15 08:00:00'),
		   (4, 1, 18, '2030-03-10 16:20:00'),
		   (5, 3, 5,  '2030-03-20 09:45:00'),
		   (6, 7, 21, '2030-04-01 13:10:00'),
		   (7, 3, 9,  '2030-04-05 11:00:00'),
		   (8, 9, 4,  '2030-05-01 17:00:00'),
		   (9, 2, 10, '2030-05-10 19:30:00'),
		   (10, 4, 22,'2030-06-01 20:20:00'),
		   (11, 8, 17,'2030-06-10 07:30:00'),
		   (12, 5, 14,'2030-07-01 12:45:00'),
		   (13, 7, 20,'2030-08-01 15:00:00'),
		   (14, 10, 6,'2030-08-15 06:00:00'),
		   (15, 9, 8, '2030-09-01 09:00:00');
    

